Datetime,Home Team,Away Team
2026-09-13T19:00:00,Flames,Leafs
2026-09-13T20:00:00,Jets,Oilers
2026-09-13T21:00:00,Habs,Canucks
2026-09-20T19:00:00,Canucks,Oilers
2026-09-20T20:00:00,Habs,Leafs
2026-09-20T21:00:00,Jets,Flames
2026-09-27T19:00:00,Flames,Habs
2026-09-27T20:00:00,Canucks,Jets
2026-09-27T21:00:00,Oilers,Leafs
2026-10-04T19:00:00,Leafs,Jets
2026-10-04T20:00:00,Canucks,Flames
2026-10-04T21:00:00,Oilers,Habs
2026-10-18T19:00:00,Jets,Habs
2026-10-18T20:00:00,Flames,Oilers
2026-10-18T21:00:00,Leafs,Canucks
2026-10-25T19:00:00,Canucks,Habs
2026-10-25T20:00:00,Leafs,Flames
2026-10-25T21:00:00,Oilers,Jets
2026-11-01T19:00:00,Oilers,Canucks
2026-11-01T20:00:00,Leafs,Habs
2026-11-01T21:00:00,Flames,Jets
2026-11-08T19:00:00,Leafs,Oilers
2026-11-08T20:00:00,Jets,Canucks
2026-11-08T21:00:00,Habs,Flames
2026-11-15T19:00:00,Flames,Canucks
2026-11-15T20:00:00,Habs,Oilers
2026-11-15T21:00:00,Jets,Leafs
2026-11-22T19:00:00,Habs,Jets
2026-11-22T20:00:00,Oilers,Flames
2026-11-22T21:00:00,Canucks,Leafs
2026-11-29T19:00:00,Flames,Leafs
2026-11-29T20:00:00,Jets,Oilers
2026-11-29T21:00:00,Habs,Canucks
2026-12-13T19:00:00,Jets,Flames
2026-12-13T20:00:00,Habs,Leafs
2026-12-13T21:00:00,Canucks,Oilers
2026-12-20T19:00:00,Oilers,Leafs
2026-12-20T20:00:00,Canucks,Jets
2026-12-20T21:00:00,Flames,Habs
2026-12-27T19:00:00,Oilers,Habs
2026-12-27T20:00:00,Canucks,Flames
2026-12-27T21:00:00,Leafs,Jets
2027-01-03T19:00:00,Leafs,Canucks
2027-01-03T20:00:00,Jets,Habs
2027-01-03T21:00:00,Flames,Oilers
2027-01-10T19:00:00,Oilers,Jets
2027-01-10T20:00:00,Leafs,Flames
2027-01-10T21:00:00,Canucks,Habs
2027-01-17T19:00:00,Flames,Jets
2027-01-17T20:00:00,Leafs,Habs
2027-01-17T21:00:00,Oilers,Canucks
2027-01-24T19:00:00,Jets,Canucks
2027-01-24T20:00:00,Leafs,Oilers
2027-01-24T21:00:00,Habs,Flames
2027-01-31T19:00:00,Habs,Oilers
2027-01-31T20:00:00,Flames,Canucks
2027-01-31T21:00:00,Jets,Leafs
2027-02-07T19:00:00,Canucks,Leafs
2027-02-07T20:00:00,Habs,Jets
2027-02-07T21:00:00,Oilers,Flames
